address,type,chain,symbol_or_name,protocol,amount,price_usd,usd_value,notes
0x9244a6962d8f2eefdcfec223f68d83df293d9797,token,ethereum,USDT,,318879,1,318571.24,
0x9244a6962d8f2eefdcfec223f68d83df293d9797,token,ethereum,USDC,,5783,1,5783.46,
0x9244a6962d8f2eefdcfec223f68d83df293d9797,token,ethereum,PYUSD,,1549,1,1547.98,
0x9244a6962d8f2eefdcfec223f68d83df293d9797,token,ethereum,ETH,,0.37,1845.9,683.01,
0x2f58b30bd40fcb1806c2fb0b81e381a9881530bc,token,ethereum,ETH,,3.9041,1845.9,7206.57,
0x2f58b30bd40fcb1806c2fb0b81e381a9881530bc,token,ethereum,USDT,,3505,1,3502.76,
0x2f58b30bd40fcb1806c2fb0b81e381a9881530bc,token,ethereum,USDC,,77.5758,1,77.56,
0x82012f9fdddaaf6a8af4ef2b83b1c6ce65debcf1,token,ethereum,USDT,,112859,1,112750.09,
0x13c5738200a7ca56c29e5744a3e93f52abd77d7b,token,ethereum,USDT,,72938,1,72882.14,
0x13c5738200a7ca56c29e5744a3e93f52abd77d7b,token,ethereum,USDC,,1010,1,1010.02,
0x79b65b17af2ec4087d0957bcfae172c3c6210312,token,ethereum,USDC,,72906,1,72886.24,
0x31a5817bab67bfeeb0038df2c2e1ede79a00930a,token,ethereum,USDT,,19401,1,19382.62,
0x4baf4e9ed5f4e252c9ba8d4af9d48c8452909e65,token,base,WETH,,3.8741,1847.48,7157.37,
0x4baf4e9ed5f4e252c9ba8d4af9d48c8452909e65,token,base,ETH,,0.0251,1845.9,46.26,
0x4baf4e9ed5f4e252c9ba8d4af9d48c8452909e65,token,base,AERO,,13.7091,0.4,5.52,
0x3c4bf99ebd50cf2c116d95fc4f9c258b2d1f03e5,token,mantle,mETH,,2.6383,2017.84,5323.76,
0x3c4bf99ebd50cf2c116d95fc4f9c258b2d1f03e5,token,monad,MON,,54150,0.02,1111.5,
0x3c4bf99ebd50cf2c116d95fc4f9c258b2d1f03e5,token,ethereum,BITCOIN,,19015,0.01,162.13,
0x3c4bf99ebd50cf2c116d95fc4f9c258b2d1f03e5,token,arbitrum,ETH,,0.0831,1845.9,153.47,
0x3c4bf99ebd50cf2c116d95fc4f9c258b2d1f03e5,token,ethereum,ETH,,0.0826,1845.9,152.52,
0x3c4bf99ebd50cf2c116d95fc4f9c258b2d1f03e5,token,ethereum,USDC,,118.4864,1,118.45,
0x3c4bf99ebd50cf2c116d95fc4f9c258b2d1f03e5,token,base,ETH,,0.0612,1845.9,113.01,
0x3c4bf99ebd50cf2c116d95fc4f9c258b2d1f03e5,token,base,USDC,,87.7062,1,87.68,
0x3c4bf99ebd50cf2c116d95fc4f9c258b2d1f03e5,token,mantle,MNT,,184.8812,0.39,72.98,
0x3c4bf99ebd50cf2c116d95fc4f9c258b2d1f03e5,token,binance-smart-chain,BNB,,0.1,576.01,57.63,
0x3c4bf99ebd50cf2c116d95fc4f9c258b2d1f03e5,token,arbitrum,MAGIC,,302.8276,0.04,12.63,
0x3c4bf99ebd50cf2c116d95fc4f9c258b2d1f03e5,token,ethereum,EIGEN,,41.6608,0.18,7.51,
0x3c4bf99ebd50cf2c116d95fc4f9c258b2d1f03e5,token,ethereum,ASH,,19,0.25,4.78,
0x3c4bf99ebd50cf2c116d95fc4f9c258b2d1f03e5,token,polygon,POL,,15.7102,0.07,1.13,
0x3c4bf99ebd50cf2c116d95fc4f9c258b2d1f03e5,defi,ethereum,EIGEN 1381,EigenLayer,,,248.92,deposit
0x3c4bf99ebd50cf2c116d95fc4f9c258b2d1f03e5,defi,ethereum,OMNI 77.4058,Omni Network,,,41.13,staked
0x3c4bf99ebd50cf2c116d95fc4f9c258b2d1f03e5,defi,binance-smart-chain,ATOM 10.6955,PancakeSwap,,,13.1,deposit
0x3c4bf99ebd50cf2c116d95fc4f9c258b2d1f03e5,defi,binance-smart-chain,WBNB 0.0225,PancakeSwap,,,12.97,deposit
0x3c4bf99ebd50cf2c116d95fc4f9c258b2d1f03e5,defi,blast,WETH 0.0033,0xSplits,,,6.1,deposit
0x48844f5fbf5050cb609ca7d221040b7cbf5f7f69,token,mantle,mETH,,0.1829,2017.42,368.91,
0x48844f5fbf5050cb609ca7d221040b7cbf5f7f69,token,ethereum,ETH,,0.144,1845.52,265.72,
0x48844f5fbf5050cb609ca7d221040b7cbf5f7f69,token,mantle,MNT,,362.0502,0.39,142.92,
0x48844f5fbf5050cb609ca7d221040b7cbf5f7f69,token,optimism,ETH,,0.0491,1845.52,90.55,
0x48844f5fbf5050cb609ca7d221040b7cbf5f7f69,token,base,ETH,,0.0335,1845.52,61.74,
0x48844f5fbf5050cb609ca7d221040b7cbf5f7f69,defi,base,BRIUN 150000,Uniswap V3,,,11.65,deposit
0x48844f5fbf5050cb609ca7d221040b7cbf5f7f69,defi,base,WETH 0.006,Uniswap V3,,,11.07,reward
0x48844f5fbf5050cb609ca7d221040b7cbf5f7f69,defi,base,WETH 0.0012,Uniswap V3,,,2.23,reward
0x13175e1c7853d2625d150c01a7f3ad55791e8d0e,token,arbitrum,ETH,,0.051,1846.09,94.18,
0x13175e1c7853d2625d150c01a7f3ad55791e8d0e,token,ethereum,ETH,,0.0339,1846.09,62.61,
0x13175e1c7853d2625d150c01a7f3ad55791e8d0e,token,mantle,mETH,,0.0216,2017.19,43.47,
0x13175e1c7853d2625d150c01a7f3ad55791e8d0e,token,mantle,MNT,,89.1899,0.39,35.21,
0x279b3cde6b547e12d375378ceaa3b2cc0464a2f1,token,mantle,mETH,,0.0209,2017.42,42.06,
0x279b3cde6b547e12d375378ceaa3b2cc0464a2f1,token,mantle,MNT,,12.5835,0.39,4.97,
0x0828c3d976b837e790715913cc85dbd6237398fb,token,ethereum,USDT,,4000,1,3996.14,
0x46c28d175927be8fa1350221acb82530279ffd6c,token,ethereum,ETH,,0.0287,1845.52,53.02,
0x46c28d175927be8fa1350221acb82530279ffd6c,defi,ethereum,CULT 6880000,Uniswap V3,,,970.7,deposit
0x46c28d175927be8fa1350221acb82530279ffd6c,defi,ethereum,OMNI 62.0783,Omni Network,,,32.99,staked
0xf1527b1db48b59005c9d62525e1c3d2625b14bec,token,ethereum,ETH,,0.6293,1845.9,1161.63,
0xf1527b1db48b59005c9d62525e1c3d2625b14bec,defi,ethereum,OMNI 52.2284,Omni Network,,,27.75,staked
0xe29b3590d86dba401fbf6861c4abbd9dfcf11037,token,ethereum,USDT,,1887,1,1885.43,
0xe29b3590d86dba401fbf6861c4abbd9dfcf11037,token,mantle,WETH,,0.0046,1847.48,8.46,
0xe29b3590d86dba401fbf6861c4abbd9dfcf11037,token,ethereum,ETH,,0.001,1845.9,1.79,
0xe29b3590d86dba401fbf6861c4abbd9dfcf11037,token,mantle,MNT,,2.9241,0.39,1.15,
0x5ed4da2950d0d2786e6004933661224d4bb96163,token,ethereum,ETH,,0.6083,1846.09,1122.94,
0x5ed4da2950d0d2786e6004933661224d4bb96163,defi,ethereum,CULT 1300000,Uniswap V3,,,183.79,deposit
0x5ed4da2950d0d2786e6004933661224d4bb96163,defi,ethereum,OMNI 52.2284,Omni Network,,,27.75,staked
0x691bdfb0c5a8dee9f75de8bc983bde51316eb489,token,ethereum,USDC,,1380,1,1379.6,
0x691bdfb0c5a8dee9f75de8bc983bde51316eb489,token,ethereum,ETH,,0.0179,1846.09,33,
0xdd55efb58270ce3a5a5f639b8da988a52bcdbe78,token,ethereum,ETH,,0.0406,1845.9,74.9,
0xdd55efb58270ce3a5a5f639b8da988a52bcdbe78,defi,ethereum,OMNI 52.2284,Omni Network,,,27.75,staked
0x4048f668cbf3ddbcb08412cfcfdf341bbca12ac1,token,ethereum,USDC,,1000,1,1000.02,
0x91a490080480a6dd709e1dbaf14f42ce4422423f,token,ethereum,ETH,,0.4573,1845.9,844.21,
0x91a490080480a6dd709e1dbaf14f42ce4422423f,token,ethereum,EIGEN,,291.5802,0.18,52.55,
0xc6911b53fd875fffbe5a588360784af28e2ba445,token,ethereum,USDT,,432.9568,1,432.5,
0xc6911b53fd875fffbe5a588360784af28e2ba445,token,mantle,MNT,,16.1014,0.39,6.36,
0xc6911b53fd875fffbe5a588360784af28e2ba445,token,ethereum,ETH,,0.0029,1845.9,5.33,
0xf396ed88674ba3d68a5afa601aaad43de4fa49c2,token,ethereum,ETH,,0.0763,1845.9,140.75,
0xf396ed88674ba3d68a5afa601aaad43de4fa49c2,token,ethereum,USDT,,93.1073,1,93.04,
0x9bec1103fb1ef44a2be5717ab24f370552507a6b,token,ethereum,ETH,,0.09,1845.9,166.13,
0xabdf6eaad055604b0e9bd58daba61eb89ac0193d,token,blast,ETH,,0.0478,1845.9,88.3,
0xabdf6eaad055604b0e9bd58daba61eb89ac0193d,token,ethereum,ETH,,0.004,1845.9,7.35,
0xe3e51cc0503867203b54c94623cd8d53042de69f,token,binance-smart-chain,WETH,,0.0495,1847.48,91.45,
0x6369b10cc9b875df389f5aebbcc87bdeb0cc4ff8,token,mantle,mETH,,0.0349,2017.19,70.3,
0x6369b10cc9b875df389f5aebbcc87bdeb0cc4ff8,token,mantle,MNT,,12.5067,0.39,4.94,
0x8644a491bacf72647b7d6cc446d0f40d16ffd45b,token,mantle,USDT,,113.9511,1,113.83,
0x8644a491bacf72647b7d6cc446d0f40d16ffd45b,token,mantle,MNT,,11.9331,0.39,4.71,
0x22ee20192ee72a2fdbc77e436c86169277967462,token,mantle,mETH,,0.0229,2017.45,46.12,
0x22ee20192ee72a2fdbc77e436c86169277967462,token,mantle,MNT,,13.4735,0.39,5.32,
0x462ed9d19f5a82db7fa9f3924152476936fbf3d0,token,mantle,mETH,,0.0229,2017.19,46.11,
0x462ed9d19f5a82db7fa9f3924152476936fbf3d0,token,mantle,MNT,,13.4715,0.39,5.32,
0x1ce498a7a0e94e71ecbcec0422fa82b975730b79,token,mantle,mETH,,0.0229,2017.42,46.12,
0x1ce498a7a0e94e71ecbcec0422fa82b975730b79,token,mantle,MNT,,13.4015,0.39,5.29,
0x34bf7383ea5cf513795dcb2dff891137540adf4a,token,mantle,mETH,,0.0229,2017.19,46.11,
0x34bf7383ea5cf513795dcb2dff891137540adf4a,token,mantle,MNT,,13.3963,0.39,5.29,
0x5195719a8d4a1da9c913d7d6e5e805eb2ee6ff90,token,mantle,mETH,,0.0229,2017.19,46.11,
0x5195719a8d4a1da9c913d7d6e5e805eb2ee6ff90,token,mantle,MNT,,13.3852,0.39,5.28,
0x2ca1195a3661464c0706e3bb6ed43a93f39da8f0,token,mantle,mETH,,0.0229,2017.19,46.11,
0x2ca1195a3661464c0706e3bb6ed43a93f39da8f0,token,mantle,MNT,,13.361,0.39,5.27,
0xafb791efefaadf97e3b50a424d1b842d7ea1769b,token,mantle,mETH,,0.0219,2017.19,44.08,
0xafb791efefaadf97e3b50a424d1b842d7ea1769b,token,mantle,MNT,,12.5344,0.39,4.95,
0x3b64a42578cee95eabb5867794d3dc5f05b57073,token,mantle,mETH,,0.0219,2017.84,44.09,
0x3b64a42578cee95eabb5867794d3dc5f05b57073,token,mantle,MNT,,12.547,0.39,4.95,
0x73424e24546a6320f996d18a35a25b700ba60693,token,ethereum,ETH,,0.0157,1845.9,28.96,
0x73424e24546a6320f996d18a35a25b700ba60693,token,mantle,MNT,,3.9517,0.39,1.56,
0x73424e24546a6320f996d18a35a25b700ba60693,token,ethereum,mETH,,0.0007,2017.19,1.36,
0x8df26b3d22a307f71ebf8d256b5a14525fd7e28f,token,mantle,mETH,,0.0111,2017.45,22.39,
0x8df26b3d22a307f71ebf8d256b5a14525fd7e28f,token,mantle,MNT,,3.6238,0.39,1.43,
0xae539ff289dab7e24a77ca578553890ca8ad2f20,token,ethereum,ETH,,0.0057,1846.32,10.56,
0xe119413398ca82253d75b86297f5fe576bae9850,token,ethereum,ETH,,0.003,1845.9,5.49,
0x13dba22c42aeb955d5165a9f7e971a361111c317,token,ethereum,ETH,,0.0025,1846.32,4.62,
0x13dba22c42aeb955d5165a9f7e971a361111c317,token,mantle,MNT,,3.9486,0.39,1.56,
0x4a1afbc266b6925daf624517ecb860f9810f234a,token,arbitrum,ETH,,0.0018,1846.32,3.36,
0x4a1afbc266b6925daf624517ecb860f9810f234a,token,ethereum,ETH,,0.0013,1846.32,2.44,
0x47be825de97294bda26eb20b71cec40db247994e,token,ethereum,ETH,,0.004,1846.32,7.39,
0x47be825de97294bda26eb20b71cec40db247994e,token,mantle,MNT,,3.9358,0.39,1.55,
0x19b75c9fc9e06ce1d5ee389e02e0d29f5635b261,token,mantle,MNT,,9,0.39,3.55,
0xc4a749d6983bfc2bb958cb32ef9ff9dc18ba81cf,token,ethereum,USDC,,11640,1,11636.66,
0xc09da08738b3b0918089163e488b02a61f382404,token,ethereum,USDT,,98054,1,97928.03,